price,received_at,tx_sol_amount
3.3830382106244157,2026-01-01 21:58:52.909000,3.0
3.537542128210699,2026-01-01 21:58:52.913000,0.745145
3.7161628778713856,2026-01-01 21:58:52.916000,0.841454
3.870301028166504,2026-01-01 21:58:52.920000,0.71
4.390603787290791,2026-01-01 21:58:52.935000,2.297753756
4.604971512964693,2026-01-01 21:58:52.939000,0.92
4.699519658042709,2026-01-01 21:58:52.943000,0.4
4.723177871816075,2026-01-01 21:58:52.950000,0.097777777
4.747435213209427,2026-01-01 21:58:52.953000,0.1
4.80715075423182,2026-01-01 21:58:52.957000,0.25
4.8436621960857,2026-01-01 21:58:52.963000,0.149105376
4.900979632807445,2026-01-01 21:58:52.974000,0.237700017
4.839512815528094,2026-01-01 21:58:53.284000,0.249860682
4.971051171719976,2026-01-01 21:58:53.287000,0.5413
5.005302026332309,2026-01-01 21:58:53.293000,0.137572502
4.762744728588473,2026-01-01 21:58:54.098000,0.984667158
5.126231163852311,2026-01-01 21:58:54.434000,1.466666666
5.455642255816334,2026-01-01 21:58:54.816000,1.284857768
5.893299302288248,2026-01-01 21:58:54.820000,1.648475565
5.7607665567915385,2026-01-01 21:58:54.833000,0.492534858
5.728911346206665,2026-01-01 21:58:55.705000,0.119226408
5.742092768208975,2026-01-01 21:58:55.710000,0.049375
4.973941902078528,2026-01-01 21:58:56.138000,2.978889849
5.096227428292026,2026-01-01 21:58:56.146000,0.488888888
5.3957715320968065,2026-01-01 21:58:56.516000,1.173333333
5.397037526668941,2026-01-01 21:58:56.522000,0.004888888
5.661403072503231,2026-01-01 21:58:57.181000,1.008635923
5.921892522895877,2026-01-01 21:58:57.184000,0.971062135
6.183409136704721,2026-01-01 21:58:57.186000,0.953635275
6.283065031131046,2026-01-01 21:58:57.206000,0.358080054
6.388355220188235,2026-01-01 21:58:57.207000,0.37525328
6.409585479048644,2026-01-01 21:58:57.210000,0.075288888
6.4380466054837395,2026-01-01 21:58:57.621000,0.10073637
6.577068270109943,2026-01-01 21:58:57.634000,0.488888888
7.442383467463835,2026-01-01 21:58:57.641000,2.933333333
7.471893891232034,2026-01-01 21:58:57.660000,0.1
5.663461111389383,2026-01-01 21:58:58.174000,6.345463437
6.346086180137031,2026-01-01 21:58:58.649000,2.5
6.458909794739266,2026-01-01 21:58:58.651000,0.4
6.614724932609936,2026-01-01 21:58:58.654000,0.546719642
6.7955939024272904,2026-01-01 21:58:58.658000,0.626613691
6.586058078582391,2026-01-01 21:58:58.660000,0.726711814
7.200568314678842,2026-01-01 21:58:58.663000,2.100165613
7.496016235401458,2026-01-01 21:58:58.668000,0.977777777
7.640394683549163,2026-01-01 21:58:58.671000,0.470805302
7.62016841218638,2026-01-01 21:58:58.677000,0.065686502
7.5926540340233135,2026-01-01 21:58:58.681000,0.08949535
8.268871138277332,2026-01-01 21:58:59.105000,2.154556589
8.906453721226201,2026-01-01 21:58:59.107000,1.952110078
8.766465104688171,2026-01-01 21:58:59.507000,0.422461831
7.673924694565384,2026-01-01 21:58:59.512000,3.42032272
7.5395778336584,2026-01-01 21:58:59.520000,0.436981088
7.40472499556606,2026-01-01 21:58:59.528000,0.442560014
7.422866327300292,2026-01-01 21:58:59.533000,0.059769474
7.284581453550508,2026-01-01 21:58:59.535000,0.457463354
7.299297838645558,2026-01-01 21:58:59.540000,0.048888888
7.015291836936723,2026-01-01 21:58:59.915000,0.952368295
6.9463200791383946,2026-01-01 21:58:59.924000,0.234180284
6.920889011617351,2026-01-01 21:59:00.326000,0.086639459
6.992760022542543,2026-01-01 21:59:00.330000,0.244444444
6.994090363492283,2026-01-01 21:59:00.714000,0.004512825
6.930809913917609,2026-01-01 21:59:00.724000,0.215139483
6.950910755742264,2026-01-01 21:59:01.105000,0.068444444
6.890317910519706,2026-01-01 21:59:01.463000,0.2066239
7.034114184156293,2026-01-01 21:59:01.818000,0.488888888
7.174968885812442,2026-01-01 21:59:02.358000,0.474066369
7.326161761757244,2026-01-01 21:59:02.362000,0.503711409
7.265575700932531,2026-01-01 21:59:03.600000,0.201217449
7.207911001832092,2026-01-01 21:59:03.617000,0.1922958
7.179949115366605,2026-01-01 21:59:04.016000,0.093522059
8.082855808023337,2026-01-01 21:59:05.093000,2.933333333
7.5590367515204955,2026-01-01 21:59:05.098000,1.680517508
7.444559511400772,2026-01-01 21:59:05.853000,0.374947202
7.459586881111069,2026-01-01 21:59:05.857000,0.049382715
7.549161761068889,2026-01-01 21:59:05.863000,0.293333333
7.513033287239229,2026-01-01 21:59:05.867000,0.118100377
7.519009604575231,2026-01-01 21:59:05.883000,0.019555555
7.300706040325141,2026-01-01 21:59:05.887000,0.719445934
7.224048466556272,2026-01-01 21:59:06.199000,0.25518061
7.282758143161798,2026-01-01 21:59:06.207000,0.195555555
7.326946326580528,2026-01-01 21:59:06.966000,0.146666666
7.241285930813568,2026-01-01 21:59:07.666000,0.28472396
7.839773378269968,2026-01-01 21:59:07.674000,1.955555555
7.842825512663785,2026-01-01 21:59:07.691000,0.009777777
7.87337952900445,2026-01-01 21:59:08.038000,0.097777777
7.965397981029214,2026-01-01 21:59:08.053000,0.293333333
7.9900265234629915,2026-01-01 21:59:08.057000,0.078222222
8.46365442135062,2026-01-01 21:59:08.469000,1.48148148
8.624535450767155,2026-01-01 21:59:09.311000,0.49375
8.688673050223347,2026-01-01 21:59:09.316000,0.195555555
8.721151000738724,2026-01-01 21:59:09.726000,0.09875
8.702156924361171,2026-01-01 21:59:09.729000,0.057729584
8.708588736243236,2026-01-01 21:59:09.748000,0.019555555
8.715022924141019,2026-01-01 21:59:10.147000,0.019555555
8.503482365561965,2026-01-01 21:59:11.680000,0.646769613
8.663144696622739,2026-01-01 21:59:11.687000,0.488888888
8.644119282207939,2026-01-01 21:59:12.485000,0.058018363
8.647324150714176,2026-01-01 21:59:13.373000,0.009777776
8.661111856325785,2026-01-01 21:59:13.380000,0.042044444
8.325991453186873,2026-01-01 21:59:13.728000,1.031591672
7.949938819718593,2026-01-01 21:59:13.729000,1.182633564
8.260229361975263,2026-01-01 21:59:13.732000,0.977777777
8.268062732153378,2026-01-01 21:59:14.431000,0.024444444
8.744858871518073,2026-01-01 21:59:14.434000,1.466666666
8.74811441446004,2026-01-01 21:59:14.775000,0.009875
8.407981602740598,2026-01-01 21:59:15.459000,1.041852233
8.026424523769608,2026-01-01 21:59:15.470000,1.194145555
8.024789045295282,2026-01-01 21:59:15.822000,0.005178886
8.086660620837065,2026-01-01 21:59:16.653000,0.195555555
8.117685509043449,2026-01-01 21:59:17.076000,0.097777777
8.43120141513024,2026-01-01 21:59:17.799000,0.977777777
8.462879707692304,2026-01-01 21:59:18.170000,0.097777777
8.494617400649963,2026-01-01 21:59:18.176000,0.097777777
8.497794436740016,2026-01-01 21:59:18.901000,0.009777777
8.426797202398879,2026-01-01 21:59:19.246000,0.218941847
8.490828239243589,2026-01-01 21:59:19.271000,0.1975
8.497244672184026,2026-01-01 21:59:19.609000,0.01975
8.656848705064833,2026-01-01 21:59:19.963000,0.488888888
8.980511800884056,2026-01-01 21:59:19.970000,0.977777777
8.967053659245407,2026-01-01 21:59:20.330000,0.040302115
8.933193767357476,2026-01-01 21:59:21.411000,0.101531718
8.918751559993774,2026-01-01 21:59:22.277000,0.043364698
9.250525549155693,2026-01-01 21:59:22.283000,0.9875
8.385413839871337,2026-01-01 21:59:22.289000,2.614262117
8.40120253370714,2026-01-01 21:59:22.654000,0.048888888
8.464505811009252,2026-01-01 21:59:23.388000,0.195555555
8.528046689896119,2026-01-01 21:59:23.391000,0.195555555
8.575858275019664,2026-01-01 21:59:23.978000,0.146666666
8.639814956679565,2026-01-01 21:59:23.995000,0.195555555
8.643019027558363,2026-01-01 21:59:24.323000,0.009777777
8.668928253571991,2026-01-01 21:59:24.330000,0.079
8.701374388780597,2026-01-01 21:59:24.713000,0.1018444
8.296577207683393,2026-01-01 21:59:24.715000,1.245705753
8.328001810910282,2026-01-01 21:59:24.716000,0.097777777
8.403663212656575,2026-01-01 21:59:25.763000,0.234666666
8.406823195869785,2026-01-01 21:59:26.155000,0.009777777
8.422632022964441,2026-01-01 21:59:26.527000,0.048888888
8.463804472585437,2026-01-01 21:59:26.992000,0.127111111
8.461318319715438,2026-01-01 21:59:27.646000,0.007666681
8.781339017668513,2026-01-01 21:59:28.420000,0.977777777
8.810432239451943,2026-01-01 21:59:28.786000,0.088
8.214552740916945,2026-01-01 21:59:29.506000,1.832428756
8.53308154267383,2026-01-01 21:59:29.938000,0.9875
8.549692172554956,2026-01-01 21:59:30.641000,0.050986177
8.564950477132008,2026-01-01 21:59:30.644000,0.0467916
8.88690684579698,2026-01-01 21:59:31.044000,0.977777777
8.919429184610786,2026-01-01 21:59:31.523000,0.097777777
8.952010923820183,2026-01-01 21:59:32.039000,0.097777777
8.984652063425145,2026-01-01 21:59:32.043000,0.097777777
9.01672379085492,2026-01-01 21:59:33.275000,0.09589924
9.05011254449252,2026-01-01 21:59:33.278000,0.099656316
9.082931885285447,2026-01-01 21:59:33.284000,0.097777777
9.086217086151283,2026-01-01 21:59:34.037000,0.009777777
9.102815491764067,2026-01-01 21:59:34.812000,0.049375
8.96717684207751,2026-01-01 21:59:35.994000,0.404811669
8.820927391775452,2026-01-01 21:59:35.997000,0.439924926
8.298594043261229,2026-01-01 21:59:36.405000,1.601762011
8.22434401522873,2026-01-01 21:59:36.771000,0.231739236
8.224406531042835,2026-01-01 21:59:37.139000,0.000195555
8.243172056052734,2026-01-01 21:59:37.147000,0.058666666
8.400383038175411,2026-01-01 21:59:37.162000,0.488888888
8.481348867526803,2026-01-01 21:59:37.500000,0.25
8.610066350408433,2026-01-01 21:59:37.504000,0.395
8.299278696409582,2026-01-01 21:59:37.520000,0.958879859
8.93915905922742,2026-01-01 21:59:39.220000,1.955555555
9.106578992840886,2026-01-01 21:59:39.673000,0.5
9.140249373021799,2026-01-01 21:59:39.682000,0.100000001
9.15673048377802,2026-01-01 21:59:40.931000,0.048881251
9.167617850539516,2026-01-01 21:59:41.394000,0.032266666
9.172568791904332,2026-01-01 21:59:41.701000,0.014666666
9.138719834612328,2026-01-01 21:59:41.712000,0.100353267
9.13517671063619,2026-01-01 21:59:42.818000,0.010515169
8.7997622088679,2026-01-01 21:59:43.951000,1.004838727
8.810435311769421,2026-01-01 21:59:44.720000,0.032266666
8.775359649505505,2026-01-01 21:59:44.723000,0.106113486
8.633758978374278,2026-01-01 21:59:45.084000,0.430552387
8.508431367676582,2026-01-01 21:59:45.088000,0.384027209
8.681290668009892,2026-01-01 21:59:45.862000,0.528943524
8.843984071411573,2026-01-01 21:59:45.864000,0.493046291
9.001487168575183,2026-01-01 21:59:45.866000,0.473014885
9.156175707126796,2026-01-01 21:59:45.867000,0.460550855
9.189186628008915,2026-01-01 21:59:45.877000,0.097777777
9.185675881522023,2026-01-01 21:59:46.229000,0.010390415
9.2684472804176,2026-01-01 21:59:46.239000,0.244444444
9.27025882388068,2026-01-01 21:59:46.246000,0.005337705
9.353409581945625,2026-01-01 21:59:46.250000,0.244444444
10.031980736691432,2026-01-01 21:59:46.254000,1.955555555
10.380176373356717,2026-01-01 21:59:46.980000,0.977777777
10.404772522267642,2026-01-01 21:59:46.983000,0.068444444
10.475207614767916,2026-01-01 21:59:47.581000,0.195555555
10.546584213506218,2026-01-01 21:59:47.965000,0.1975
10.58201084221988,2026-01-01 21:59:47.975000,0.097777777
10.689710119855759,2026-01-01 21:59:48.333000,0.29625
11.049043161721297,2026-01-01 21:59:48.342000,0.977777776
11.048945815442396,2026-01-01 21:59:48.357000,0.000262717
11.049311722367431,2026-01-01 21:59:48.366000,0.0009875
11.231207959703314,2026-01-01 21:59:49.280000,0.488888888
11.15390302076488,2026-01-01 21:59:49.282000,0.207287805
11.1557231857015,2026-01-01 21:59:49.295000,0.004888888
11.061846856367843,2026-01-01 21:59:49.300000,0.252670349
11.430993685598022,2026-01-01 21:59:49.631000,0.9875
11.443157816474843,2026-01-01 21:59:50.002000,0.032266666
10.979239969321196,2026-01-01 21:59:50.005000,1.242993298
11.34336679899977,2026-01-01 21:59:50.022000,0.977777777
11.380106183884674,2026-01-01 21:59:50.391000,0.097777777
10.448362136250843,2026-01-01 21:59:50.403000,2.530634731
10.391913364653973,2026-01-01 21:59:51.344000,0.156873164
10.459445709377155,2026-01-01 21:59:51.860000,0.187625
10.462971045736515,2026-01-01 21:59:51.866000,0.009777777
10.442518731543503,2026-01-01 21:59:52.205000,0.056748949
10.54845161680879,2026-01-01 21:59:52.214000,0.293333333
10.526339592154494,2026-01-01 21:59:52.609000,0.061107205
10.561732231585985,2026-01-01 21:59:52.614000,0.097777777
10.56527476229725,2026-01-01 21:59:52.974000,0.009777777
10.568817887012386,2026-01-01 21:59:53.308000,0.009777777
10.566430308760337,2026-01-01 21:59:53.315000,0.006588695
10.569973627213425,2026-01-01 21:59:53.685000,0.009777777
10.605439484498495,2026-01-01 21:59:55.814000,0.097777777
10.626747510986728,2026-01-01 21:59:55.822000,0.058666666
10.751470531343632,2026-01-01 21:59:55.824000,0.342222222
10.755044737634728,2026-01-01 21:59:56.636000,0.009777776
10.769347505397365,2026-01-01 21:59:57.391000,0.039111111
10.805146004898077,2026-01-01 21:59:57.753000,0.097777777
10.812312832699055,2026-01-01 21:59:57.764000,0.019555555
10.824143293226747,2026-01-01 21:59:57.770000,0.032266666
10.75016586812194,2026-01-01 21:59:58.116000,0.202058391
10.786288431587685,2026-01-01 21:59:58.129000,0.09875
10.875966362478545,2026-01-01 21:59:58.468000,0.244444444
10.947976008900794,2026-01-01 21:59:58.470000,0.195555555
11.020223256907707,2026-01-01 21:59:59.075000,0.195555555
10.907123713227918,2026-01-01 21:59:59.455000,0.306418331
10.928732529527563,2026-01-01 21:59:59.803000,0.058666666
10.96479474343037,2026-01-01 21:59:59.831000,0.097777776
11.328683910525985,2026-01-01 22:00:00.187000,0.977777777
11.358343853319303,2026-01-01 22:00:00.770000,0.079
11.365691823426667,2026-01-01 22:00:01.096000,0.019555555
11.326348333281135,2026-01-01 22:00:02.495000,0.104780813
11.343001950770619,2026-01-01 22:00:02.498000,0.044374612
11.252229299017396,2026-01-01 22:00:03.488000,0.242266293
11.435781387898265,2026-01-01 22:00:04.594000,0.488888888
11.454218272029413,2026-01-01 22:00:07.165000,0.048888888
11.472670006259158,2026-01-01 22:00:07.507000,0.048888888
11.226370190794855,2026-01-01 22:00:07.515000,0.655861627
11.23485980209854,2026-01-01 22:00:09.355000,0.022725662
11.005793569519856,2026-01-01 22:00:09.371000,0.616223919
11.006749282724336,2026-01-01 22:00:10.306000,0.004460975
11.22478387753448,2026-01-01 22:00:11.589000,0.586666666
10.745248625554726,2026-01-01 22:00:12.123000,1.298005543
10.74280101635217,2026-01-01 22:00:13.199000,0.006698677
10.113597609002825,2026-01-01 22:00:13.545000,1.748100198
9.571397579328808,2026-01-01 22:00:13.547000,1.550524269
8.996357864035657,2026-01-01 22:00:13.548000,1.693229063
9.00882996542516,2026-01-01 22:00:13.550000,0.0396
9.07503125729573,2026-01-01 22:00:13.897000,0.1975
9.020434693599027,2026-01-01 22:00:14.266000,0.162826995
9.053200227033996,2026-01-01 22:00:14.285000,0.097777777
9.072888059217687,2026-01-01 22:00:15.062000,0.058666666
9.069610084018764,2026-01-01 22:00:15.067000,0.009763434
9.102464726760319,2026-01-01 22:00:15.080000,0.097777777
9.434278178328096,2026-01-01 22:00:15.408000,0.977777777
9.42528683682102,2026-01-01 22:00:15.412000,0.026266618
9.452075756942374,2026-01-01 22:00:15.737000,0.078222222
9.485615367278957,2026-01-01 22:00:16.082000,0.097777777
9.488972595093992,2026-01-01 22:00:16.100000,0.009777777
9.590972525958799,2026-01-01 22:00:16.474000,0.29625
9.659275417504245,2026-01-01 22:00:16.485000,0.1975
9.676220445229463,2026-01-01 22:00:16.500000,0.048888888
9.744149058160094,2026-01-01 22:00:16.502000,0.195555555
8.832042030236964,2026-01-01 22:00:16.857000,2.68561625
9.183772558586865,2026-01-01 22:00:16.863000,1.051354792
9.531795307473358,2026-01-01 22:00:16.867000,1.02063485
9.851916788177723,2026-01-01 22:00:16.871000,0.922479323
10.198125358955908,2026-01-01 22:00:16.875000,0.980938655
10.525901735661845,2026-01-01 22:00:16.881000,0.913481269
10.529438252784495,2026-01-01 22:00:17.191000,0.009777777
10.374976798664363,2026-01-01 22:00:17.202000,0.428597431
10.382015504211376,2026-01-01 22:00:17.205000,0.019600001
10.383071516060024,2026-01-01 22:00:18.078000,0.002940001
11.097380845612687,2026-01-01 22:00:18.508000,1.955555555
11.463445569669318,2026-01-01 22:00:18.952000,0.977777777
11.648705446372375,2026-01-01 22:00:19.853000,0.488888888
11.686306107635415,2026-01-01 22:00:20.316000,0.09875
11.645197014769408,2026-01-01 22:00:20.684000,0.10797226
11.831913888575391,2026-01-01 22:00:21.511000,0.488888888
11.789705176389914,2026-01-01 22:00:21.878000,0.110177505
11.752396405705777,2026-01-01 22:00:22.253000,0.0975515
11.756133270371148,2026-01-01 22:00:22.590000,0.009777777
11.751061854985211,2026-01-01 22:00:22.996000,0.013270102
11.754798507490383,2026-01-01 22:00:23.365000,0.009777777
11.725266527561201,2026-01-01 22:00:23.702000,0.077319403
11.648884143283915,2026-01-01 22:00:23.708000,0.200433985
11.625990173572415,2026-01-01 22:00:24.066000,0.060203671
11.628582414800846,2026-01-01 22:00:24.454000,0.006819723
11.632299544583963,2026-01-01 22:00:24.458000,0.009777777
11.550824205054012,2026-01-01 22:00:25.169000,0.214677418
11.499472109322072,2026-01-01 22:00:25.528000,0.135695572
11.647792983632478,2026-01-01 22:00:25.533000,0.391111111
11.623586108479047,2026-01-01 22:00:26.486000,0.063660965
11.66077615346759,2026-01-01 22:00:26.868000,0.097777777
11.647916830297692,2026-01-01 22:00:27.210000,0.033791281
11.59679037738191,2026-01-01 22:00:28.785000,0.13453317
11.220014651430803,2026-01-01 22:00:28.791000,1.000727409
11.216161219099334,2026-01-01 22:00:29.646000,0.010320929
11.401278757580977,2026-01-01 22:00:30.076000,0.493827159
12.14922431128294,2026-01-01 22:00:30.963000,1.955555555
13.315692939379282,2026-01-01 22:00:32.009000,2.933333333
13.335654316887164,2026-01-01 22:00:32.503000,0.049054228
13.274134712199416,2026-01-01 22:00:32.517000,0.151299886
13.373598285514095,2026-01-01 22:00:34.030000,0.244444444
13.327927949330597,2026-01-01 22:00:34.040000,0.112127416
13.269434609027309,2026-01-01 22:00:34.351000,0.143890754
13.240059790250239,2026-01-01 22:00:34.369000,0.072380242
13.367276484800685,2026-01-01 22:00:34.713000,0.312888888
13.407156442475522,2026-01-01 22:00:35.224000,0.097777777
13.411147704978994,2026-01-01 22:00:35.239000,0.009777777
13.451093003088504,2026-01-01 22:00:35.819000,0.097777777
13.49109770159355,2026-01-01 22:00:35.828000,0.097777777
13.531161800494141,2026-01-01 22:00:36.218000,0.097777777
13.591369324792133,2026-01-01 22:00:36.222000,0.146666666
13.274415779626034,2026-01-01 22:00:36.226000,0.775798423
13.278387236244422,2026-01-01 22:00:36.558000,0.009777777
13.270080706897312,2026-01-01 22:00:37.040000,0.020452451
13.282373510791254,2026-01-01 22:00:37.049000,0.03026524
13.290331115996734,2026-01-01 22:00:37.878000,0.019584388
13.231213393149243,2026-01-01 22:00:37.883000,0.145634427
13.262949940995016,2026-01-01 22:00:37.896000,0.078222222
13.257950576896821,2026-01-01 22:00:38.307000,0.012315899
13.391310846827936,2026-01-01 22:00:38.780000,0.327740965
13.158948987519958,2026-01-01 22:00:38.801000,0.572110744
13.052436550973837,2026-01-01 22:00:41.215000,0.263937876
13.024395163409316,2026-01-01 22:00:42.615000,0.069665481
12.987141848870671,2026-01-01 22:00:42.990000,0.092667514
12.95680605134246,2026-01-01 22:00:44.091000,0.075558434
13.76139858486583,2026-01-01 22:00:44.094000,1.975
13.801861749398451,2026-01-01 22:00:45.201000,0.097777777
14.213846055473963,2026-01-01 22:00:45.548000,0.9875
14.01410409184598,2026-01-01 22:00:45.574000,0.476955491
14.054936814630901,2026-01-01 22:00:45.912000,0.097777777
13.9115676861914,2026-01-01 22:00:45.914000,0.343940619
13.773030214513188,2026-01-01 22:00:47.400000,0.334037325
13.75833249990015,2026-01-01 22:00:47.403000,0.035537057
13.859590526080595,2026-01-01 22:00:47.753000,0.244444444
13.61057668843062,2026-01-01 22:00:48.246000,0.60275772
13.61660904890311,2026-01-01 22:00:49.984000,0.014666666
13.576957220248346,2026-01-01 22:00:51.132000,0.096466327
13.507832365283225,2026-01-01 22:00:51.583000,0.168506766
13.475213352209499,2026-01-01 22:00:53.135000,0.079665613
13.470200881722514,2026-01-01 22:00:53.519000,0.01225053
13.478202745839408,2026-01-01 22:00:53.525000,0.019555555
13.423186729692748,2026-01-01 22:00:53.895000,0.134569767
13.421036885259038,2026-01-01 22:00:54.303000,0.005264136
13.625488269045253,2026-01-01 22:00:55.061000,0.498750001
13.453036189305012,2026-01-01 22:00:56.541000,0.420439616
13.655120159398876,2026-01-01 22:00:56.551000,0.492413989
13.548855239420151,2026-01-01 22:00:57.255000,0.258475897
13.589004943610338,2026-01-01 22:00:57.298000,0.097777777
14.04598257844662,2026-01-01 22:00:57.687000,1.102873359
14.507646473819166,2026-01-01 22:00:57.714000,1.096112016
14.480318959342004,2026-01-01 22:00:58.001000,0.064392725
14.793495951816384,2026-01-01 22:00:58.015000,0.734347959
14.795592140573754,2026-01-01 22:00:58.382000,0.004888888
14.838507409809797,2026-01-01 22:00:58.391000,0.10001418
14.87211523928085,2026-01-01 22:00:58.740000,0.078222222
14.920493096355237,2026-01-01 22:00:58.767000,0.112444443
14.940734999344215,2026-01-01 22:00:58.772000,0.046994066
13.559805623838516,2026-01-01 22:01:00.922000,3.282600034
13.529098565749281,2026-01-01 22:01:00.924000,0.074849353
14.342793495615034,2026-01-01 22:01:01.658000,1.955555555
14.591887974780093,2026-01-01 22:01:02.025000,0.58749512
14.559225013800454,2026-01-01 22:01:02.040000,0.076749144
14.767912671979266,2026-01-01 22:01:02.626000,0.488888888
15.189743018490546,2026-01-01 22:01:02.643000,0.977777777
15.355866901360665,2026-01-01 22:01:02.663000,0.381333333
15.57196036039653,2026-01-01 22:01:03.098000,0.492963832
15.594609501697516,2026-01-01 22:01:03.100000,0.051469833
15.808758082255242,2026-01-01 22:01:03.104000,0.484813946
15.797107109424891,2026-01-01 22:01:03.498000,0.026292013
15.875181134115415,2026-01-01 22:01:03.510000,0.176
15.82449361233123,2026-01-01 22:01:03.976000,0.114213985
15.859199446806766,2026-01-01 22:01:03.989000,0.078222222
15.790393224320107,2026-01-01 22:01:05.109000,0.15516344
15.901748181678153,2026-01-01 22:01:05.478000,0.250945796
16.339360616605962,2026-01-01 22:01:05.919000,0.977777777
16.2098062371873,2026-01-01 22:01:07.448000,0.288090217
16.070264745704314,2026-01-01 22:01:07.810000,0.311589364
15.775290761805948,2026-01-01 22:01:09.129000,0.663146448
15.809942628694765,2026-01-01 22:01:09.456000,0.078222222
16.129231395204386,2026-01-01 22:01:09.845000,0.716758274
16.26082077918981,2026-01-01 22:01:09.849000,0.293333333
16.547154725349845,2026-01-01 22:01:09.865000,0.634209508
16.82244169268478,2026-01-01 22:01:10.186000,0.604587773
16.79269753010285,2026-01-01 22:01:10.595000,0.065084837
16.83739249365363,2026-01-01 22:01:10.602000,0.097777777
16.465563414047,2026-01-01 22:01:10.930000,0.817436863
16.64295088874838,2026-01-01 22:01:11.298000,0.391111111
16.590345890175406,2026-01-01 22:01:11.310000,0.115767306
17.04181399452274,2026-01-01 22:01:12.153000,0.98765432
17.01072140752881,2026-01-01 22:01:12.600000,0.067597038
17.01099113396491,2026-01-01 22:01:12.610000,0.000586666
17.055975469109224,2026-01-01 22:01:13.009000,0.097777777
17.1686961843933,2026-01-01 22:01:13.016000,0.244444444
17.173212734705064,2026-01-01 22:01:13.820000,0.009777777
17.287446058494233,2026-01-01 22:01:13.837000,0.246875
17.26154217173488,2026-01-01 22:01:14.534000,0.055910424
17.138731506018427,2026-01-01 22:01:17.588000,0.2656448
17.161524967189123,2026-01-01 22:01:17.590000,0.049375
16.937862099313794,2026-01-01 22:01:17.947000,0.485924089
16.668280111746476,2026-01-01 22:01:18.885000,0.58997081
16.713214387679585,2026-01-01 22:01:18.901000,0.098666665
15.8823258208533,2026-01-01 22:01:19.678000,1.846479395
15.111892250449863,2026-01-01 22:01:20.174000,1.755795363
15.2816773740119,2026-01-01 22:01:20.525000,0.390711294
15.324315469631918,2026-01-01 22:01:21.649000,0.097777777
15.326470483889436,2026-01-01 22:01:21.653000,0.00493827
15.31957945577742,2026-01-01 22:01:21.671000,0.015792186
15.34091748161819,2026-01-01 22:01:22.016000,0.048888888
15.345591822715734,2026-01-01 22:01:22.728000,0.010705135
15.37549455979709,2026-01-01 22:01:23.495000,0.068444444
15.58993199559435,2026-01-01 22:01:24.180000,0.488888888
15.632997683678099,2026-01-01 22:01:25.095000,0.097777777
15.637307519199659,2026-01-01 22:01:25.539000,0.009777777
15.680864213880275,2026-01-01 22:01:25.902000,0.098742089
15.741348266711757,2026-01-01 22:01:26.466000,0.136888888
15.806281805018461,2026-01-01 22:01:26.472000,0.146666666
15.84964508090324,2026-01-01 22:01:27.178000,0.097777777
14.97480368174752,2026-01-01 22:01:27.185000,1.999267469
14.991679799064737,2026-01-01 22:01:27.557000,0.039111111
15.078224392656747,2026-01-01 22:01:27.977000,0.200225719
15.120577903945808,2026-01-01 22:01:28.283000,0.097777777
16.418804436923313,2026-01-01 22:01:28.288000,2.933333333
16.507253684899993,2026-01-01 22:01:29.022000,0.195555555
16.55200832728116,2026-01-01 22:01:29.028000,0.09875
16.596382042661833,2026-01-01 22:01:31.479000,0.097777777
16.707576208527474,2026-01-01 22:01:32.178000,0.244444444
16.81914162686965,2026-01-01 22:01:32.182000,0.244444444
16.89969860775612,2026-01-01 22:01:32.187000,0.176
16.896304932257948,2026-01-01 22:01:32.190000,0.00740599
16.900785512849275,2026-01-01 22:01:32.564000,0.009777777
16.876121687819516,2026-01-01 22:01:32.907000,0.053838879
16.85228438698694,2026-01-01 22:01:32.911000,0.052072051
16.87517283221626,2026-01-01 22:01:34.151000,0.050000001
16.874633686589103,2026-01-01 22:01:34.154000,0.001177378
16.875319494921147,2026-01-01 22:01:34.532000,0.001497655
16.277223890497705,2026-01-01 22:01:35.678000,1.317878419
16.276014422770544,2026-01-01 22:01:36.108000,0.002689321
15.771967626203462,2026-01-01 22:01:36.514000,1.129612359
15.606032142561107,2026-01-01 22:01:36.963000,0.375814599
15.579161837840465,2026-01-01 22:01:37.357000,0.061044128
15.516490865480447,2026-01-01 22:01:37.700000,0.142581213
15.55945506682578,2026-01-01 22:01:38.420000,0.097777777
15.675755116360659,2026-01-01 22:01:39.167000,0.264
15.479124307947425,2026-01-01 22:01:39.934000,0.446926576
15.292178895018736,2026-01-01 22:01:39.937000,0.427552414
15.725676691305706,2026-01-01 22:01:41.784000,0.9875
15.687712195848539,2026-01-01 22:01:42.483000,0.085934154
15.904308392054107,2026-01-01 22:01:43.322000,0.488888888
15.913003127877115,2026-01-01 22:01:43.966000,0.019555555
15.930399728015246,2026-01-01 22:01:45.457000,0.039111111
15.952158842943147,2026-01-01 22:01:45.467000,0.048888888
14.145789135907423,2026-01-01 22:01:47.263000,4.179068527
14.167265197527406,2026-01-01 22:01:47.264000,0.0518444
14.151811755040725,2026-01-01 22:01:47.778000,0.036840982
14.1483949988138,2026-01-01 22:01:47.783000,0.008148256
14.426972228068296,2026-01-01 22:01:48.150000,0.661150537
14.405214420320839,2026-01-01 22:01:48.153000,0.051406953
14.508821239047611,2026-01-01 22:01:48.535000,0.244444444
14.469538765971722,2026-01-01 22:01:48.540000,0.092577939
14.477832101061521,2026-01-01 22:01:48.550000,0.019555555
14.62418370873228,2026-01-01 22:01:48.964000,0.344177777
14.425958612560567,2026-01-01 22:01:48.979000,0.466586881
13.988974419314944,2026-01-01 22:01:49.508000,1.040041671
14.548608413953248,2026-01-01 22:01:49.512000,1.329112878
15.026697621124113,2026-01-01 22:01:49.516000,1.115331567
15.09437594626908,2026-01-01 22:01:50.585000,0.156444444
14.941102834893519,2026-01-01 22:01:51.123000,0.354809793
14.95374478534704,2026-01-01 22:01:51.428000,0.029333333
14.997135949936872,2026-01-01 22:01:51.436000,0.1018444
15.009801578539598,2026-01-01 22:01:51.793000,0.029333333
15.022472553177892,2026-01-01 22:01:51.900000,0.029333333
14.455115162952614,2026-01-01 22:01:54.665000,1.325794919
14.443989640796563,2026-01-01 22:01:55.392000,0.026255706
14.335657603842803,2026-01-01 22:01:55.403000,0.256188975
14.34804082089648,2026-01-01 22:01:55.406000,0.029333333
14.261628194305178,2026-01-01 22:01:56.148000,0.204958897
14.2762510397801,2026-01-01 22:01:56.486000,0.03516103
14.379393876091882,2026-01-01 22:01:57.364000,0.244444444
14.400066993312997,2026-01-01 22:01:57.755000,0.048888888
14.441457778474579,2026-01-01 22:01:57.760000,0.097777777
14.545194618746569,2026-01-01 22:01:58.189000,0.244444444
14.75378205671993,2026-01-01 22:01:58.209000,0.488888888
14.774722475719297,2026-01-01 22:01:58.213000,0.048888888
14.858632653991592,2026-01-01 22:01:58.688000,0.195555555
15.06944760682068,2026-01-01 22:01:58.703000,0.488888888
15.111788798315185,2026-01-01 22:01:59.303000,0.097777777
15.324385763029456,2026-01-01 22:01:59.762000,0.488888888
15.242094662528295,2026-01-01 22:02:00.265000,0.188832193
15.455603055533796,2026-01-01 22:02:00.267000,0.488888888
15.498482935060279,2026-01-01 22:02:02.741000,0.097777777
15.585290167577929,2026-01-01 22:02:03.277000,0.2018444
15.649901364027642,2026-01-01 22:02:03.512000,0.146666666
15.65421352883251,2026-01-01 22:02:03.516000,0.009777777
16.09284608900544,2026-01-01 22:02:03.540000,0.98765432
16.234488516172377,2026-01-01 22:02:05.357000,0.316049381
16.676624803469863,2026-01-01 22:02:08.183000,0.977777777
16.929842303021584,2026-01-01 22:02:08.203000,0.554154494
17.037446344346407,2026-01-01 22:02:08.204000,0.234230895
17.13185115965714,2026-01-01 22:02:08.207000,0.204890597
17.162923570217973,2026-01-01 22:02:08.213000,0.07
17.18550846663994,2026-01-01 22:02:08.630000,0.048888888
17.480344556383862,2026-01-01 22:02:09.040000,0.63530038
17.71211123141786,2026-01-01 22:02:09.431000,0.5018444
17.735054506034622,2026-01-01 22:02:10.500000,0.048888888
18.20166194373017,2026-01-01 22:02:11.242000,0.9875
18.20631237140425,2026-01-01 22:02:11.623000,0.009777777
18.17774403992192,2026-01-01 22:02:11.625000,0.060086214
17.675028807072543,2026-01-01 22:02:11.984000,1.065164871
18.140851071467505,2026-01-01 22:02:12.543000,0.9875
17.857055903130423,2026-01-01 22:02:12.903000,0.600088407
17.491551816031407,2026-01-01 22:02:12.908000,0.779933144
17.08131346284958,2026-01-01 22:02:12.913000,0.885159853
17.08001327806356,2026-01-01 22:02:12.920000,0.00282217
17.031507763040832,2026-01-01 22:02:12.932000,0.105362527
17.036889820687506,2026-01-01 22:02:13.372000,0.0118444
16.98621195440227,2026-01-01 22:02:13.762000,0.110224206
17.896529665818925,2026-01-01 22:02:14.514000,1.955555555
18.035126636089093,2026-01-01 22:02:14.917000,0.293333333
18.08144442665573,2026-01-01 22:02:15.275000,0.097777777
18.1046255968502,2026-01-01 22:02:15.708000,0.048888888
18.1510324880098,2026-01-01 22:02:16.456000,0.097777777
18.174258208500284,2026-01-01 22:02:18.091000,0.048888888
18.221224159618483,2026-01-01 22:02:18.451000,0.098765431
18.01785878847209,2026-01-01 22:02:18.458000,0.428583655
17.67471610586963,2026-01-01 22:02:18.463000,0.728679096
17.75699117058596,2026-01-01 22:02:18.898000,0.179391266
17.751754627712867,2026-01-01 22:02:20.372000,0.011148655
17.843719441216297,2026-01-01 22:02:21.062000,0.195555555
17.93683983494969,2026-01-01 22:02:21.072000,0.1975
18.025441635955563,2026-01-01 22:02:21.401000,0.187441069
17.709648389126713,2026-01-01 22:02:21.886000,0.670201088
17.353493764857244,2026-01-01 22:02:21.893000,0.763069796
17.302894396605815,2026-01-01 22:02:22.597000,0.109043316
17.11572691695697,2026-01-01 22:02:22.941000,0.404744311
17.16084943139348,2026-01-01 22:02:23.667000,0.097777777
17.293326726323215,2026-01-01 22:02:26.076000,0.286329972
17.74955836189887,2026-01-01 22:02:27.035000,0.977777777
17.795508227307142,2026-01-01 22:02:27.039000,0.097777777
17.823106658647806,2026-01-01 22:02:29.034000,0.058666666
19.230293023157536,2026-01-01 22:02:30.925000,2.933333333
19.179494522291602,2026-01-01 22:02:31.308000,0.103986157
19.193959851046998,2026-01-01 22:02:31.997000,0.029625
19.19873535200879,2026-01-01 22:02:32.369000,0.009777777
19.123358767060108,2026-01-01 22:02:32.777000,0.154474764
19.218805846362727,2026-01-01 22:02:32.832000,0.195555555
19.218305328785963,2026-01-01 22:02:32.846000,0.001024211
19.215049502045286,2026-01-01 22:02:32.860000,0.006662736
19.695802224794264,2026-01-01 22:02:32.877000,0.977777777
20.182494987177172,2026-01-01 22:02:33.140000,0.977777777
20.23149096524433,2026-01-01 22:02:33.498000,0.097777777
20.206447173661914,2026-01-01 22:02:33.510000,0.049963297
20.452166306914926,2026-01-01 22:02:33.535000,0.488888888
20.7032100827571,2026-01-01 22:02:33.540000,0.496459334
20.948059604157702,2026-01-01 22:02:33.544000,0.481318444
21.097985900344682,2026-01-01 22:02:33.549000,0.293333332
21.202730820158994,2026-01-01 22:02:33.576000,0.204317201
21.17586275581254,2026-01-01 22:02:33.895000,0.052361083
21.185895312903543,2026-01-01 22:02:34.335000,0.019555555
21.336668794759852,2026-01-01 22:02:34.653000,0.293333332
21.12236001000961,2026-01-01 22:02:34.662000,0.417255259
21.13237988650202,2026-01-01 22:02:35.008000,0.019555555
21.14240213901017,2026-01-01 22:02:35.037000,0.019555555
21.152426767534024,2026-01-01 22:02:35.339000,0.019555555
21.177498734168992,2026-01-01 22:02:35.347000,0.048888888
21.173996179658268,2026-01-01 22:02:35.353000,0.006828039
21.184028294624856,2026-01-01 22:02:35.356000,0.019555555
21.124358456834567,2026-01-01 22:02:35.739000,0.116382377
20.942541473699453,2026-01-01 22:02:35.742000,0.355640079
20.83719297214967,2026-01-01 22:02:38.317000,0.206771825
20.541702891359193,2026-01-01 22:02:38.834000,0.582776079
20.789591551574855,2026-01-01 22:02:38.838000,0.489175391
20.776972144913678,2026-01-01 22:02:38.849000,0.024832038
21.026125637699764,2026-01-01 22:02:39.223000,0.488888888
20.92182357573736,2026-01-01 22:02:39.616000,0.20430705
21.6763323541425,2026-01-01 22:02:40.450000,1.466666666
21.675333961099756,2026-01-01 22:02:40.457000,0.00192373
21.89408627159358,2026-01-01 22:02:40.460000,0.420444444
22.303989814189237,2026-01-01 22:02:40.465000,0.782222222
22.56733172258881,2026-01-01 22:02:42.993000,0.498750001
22.572509872886023,2026-01-01 22:02:44.309000,0.009777777
22.60877355919517,2026-01-01 22:02:44.669000,0.068444443
22.613956461523593,2026-01-01 22:02:44.670000,0.009777777
22.547977391816175,2026-01-01 22:02:45.161000,0.124556251
22.48452860797514,2026-01-01 22:02:45.163000,0.119951544
22.328522756463073,2026-01-01 22:02:45.170000,0.295654694
22.333673437707667,2026-01-01 22:02:45.172000,0.009777777
22.359435755570026,2026-01-01 22:02:45.210000,0.048888888
22.333247068115277,2026-01-01 22:02:45.543000,0.049698242
22.31690681013849,2026-01-01 22:02:45.862000,0.031023652
22.180337712768814,2026-01-01 22:02:45.876000,0.259735841
23.218870937853417,2026-01-01 22:02:46.219000,1.955555555
23.08179713501602,2026-01-01 22:02:46.895000,0.255568191
22.90129967159507,2026-01-01 22:02:46.900000,0.337690095
23.02142537953041,2026-01-01 22:02:46.902000,0.224888888
23.037117116168723,2026-01-01 22:02:46.905000,0.029333333
22.80308377957781,2026-01-01 22:02:46.913000,0.438532085
22.813494625175558,2026-01-01 22:02:48.076000,0.019555555
22.89165170452663,2026-01-01 22:02:48.486000,0.146666666
22.996069045225173,2026-01-01 22:02:48.538000,0.195555555
23.03790250994823,2026-01-01 22:02:48.547000,0.078222222
23.090247800940677,2026-01-01 22:02:48.824000,0.097777777
23.16887711343916,2026-01-01 22:02:49.206000,0.146666666
23.16034211917794,2026-01-01 22:02:49.944000,0.015908207
25.379970190302174,2026-01-01 22:02:49.948000,4.042853644
25.170578217208,2026-01-01 22:02:49.952000,0.373631528
25.047619016499755,2026-01-01 22:02:50.318000,0.220128507
25.048710023394914,2026-01-01 22:02:50.321000,0.001955555
25.044519837391604,2026-01-01 22:02:50.339000,0.007510853
25.015027236507414,2026-01-01 22:02:51.682000,0.052882883
24.988045831859893,2026-01-01 22:02:51.698000,0.048407395
24.75432322645784,2026-01-01 22:02:52.442000,0.420420782
25.31204915423823,2026-01-01 22:02:53.453000,1.0
25.310657315989165,2026-01-01 22:02:53.486000,0.00248177
24.289475340270812,2026-01-01 22:02:53.490000,1.839628916
24.563197129347465,2026-01-01 22:02:53.978000,0.381333333
24.57940571025304,2026-01-01 22:02:54.498000,0.029333333
25.12818327176102,2026-01-01 22:02:55.009000,0.9875
26.324271179129145,2026-01-01 22:02:55.039000,2.115606461
27.369338280945428,2026-01-01 22:02:55.044000,1.809459788
28.51334942166031,2026-01-01 22:02:55.048000,1.941600417
28.62987111758276,2026-01-01 22:02:55.452000,0.195555555
28.63684900000417,2026-01-01 22:02:55.455000,0.0118444
28.812098367216585,2026-01-01 22:02:55.482000,0.293333333
28.871215948763098,2026-01-01 22:02:56.006000,0.09875
28.87707280004153,2026-01-01 22:02:56.008000,0.009777777
28.880521365340343,2026-01-01 22:02:56.010000,0.005756777
28.95085411509958,2026-01-01 22:02:56.020000,0.117333333
28.93962128143658,2026-01-01 22:02:56.022000,0.018729719
28.899553133653704,2026-01-01 22:02:56.024000,0.066839584
28.85781522883456,2026-01-01 22:02:56.026000,0.069674276
28.869645117709243,2026-01-01 22:02:56.447000,0.019753085
28.825078745514293,2026-01-01 22:02:56.451000,0.074436296
28.88362717907284,2026-01-01 22:02:56.462000,0.097777777
28.75967554497423,2026-01-01 22:02:56.862000,0.207120731
28.818157552245147,2026-01-01 22:02:56.865000,0.097777777
28.877281346493263,2026-01-01 22:02:56.873000,0.09875
28.91829608859561,2026-01-01 22:02:57.336000,0.068444444
28.90329573642285,2026-01-01 22:02:57.346000,0.025026604
29.04997655107684,2026-01-01 22:02:57.350000,0.244444444
29.085235188625532,2026-01-01 22:02:57.361000,0.058666666
29.114633721490954,2026-01-01 22:02:57.697000,0.048888888
29.086730440608065,2026-01-01 22:02:58.063000,0.046401732
29.089407995057332,2026-01-01 22:02:58.810000,0.004453602
29.148224128026477,2026-01-01 22:02:59.187000,0.097777777
29.739652483724516,2026-01-01 22:02:59.193000,0.977777777
29.79912202104807,2026-01-01 22:02:59.208000,0.097777777
29.65656060992278,2026-01-01 22:02:59.213000,0.234558461
29.716082090045713,2026-01-01 22:02:59.219000,0.098000001
29.63736435361905,2026-01-01 22:02:59.528000,0.129626923
29.785893802823026,2026-01-01 22:02:59.542000,0.244444444
29.78519432310783,2026-01-01 22:02:59.897000,0.001149748
30.383017660529,2026-01-01 22:02:59.901000,0.977777777
30.34422192594532,2026-01-01 22:02:59.913000,0.06315936
30.30380278586573,2026-01-01 22:02:59.916000,0.06584522
30.011441550138894,2026-01-01 22:02:59.920000,0.477587564
29.788594438160906,2026-01-01 22:03:00.359000,0.365596923
29.588188329080296,2026-01-01 22:03:00.361000,0.329950457
29.608349777601763,2026-01-01 22:03:00.714000,0.033244444
29.660929643704783,2026-01-01 22:03:00.717000,0.086646333
29.720320458293,2026-01-01 22:03:00.721000,0.097777777
29.575841481783517,2026-01-01 22:03:01.067000,0.238033004
29.599556597445158,2026-01-01 22:03:01.074000,0.039111111
29.605486860915526,2026-01-01 22:03:01.079000,0.009777777
29.536954084354953,2026-01-01 22:03:01.084000,0.11305617
29.049648465553027,2026-01-01 22:03:01.432000,0.807702652
28.953614278594845,2026-01-01 22:03:01.438000,0.159972485
28.861315918668364,2026-01-01 22:03:01.441000,0.153999606
28.89089698112614,2026-01-01 22:03:01.445000,0.0518444
29.47972205651028,2026-01-01 22:03:01.819000,0.977777777
29.324875415959117,2026-01-01 22:03:01.827000,0.256178108
29.31443504614384,2026-01-01 22:03:01.842000,0.017296847
29.34424735456313,2026-01-01 22:03:01.850000,0.0518444
29.40332042691278,2026-01-01 22:03:02.228000,0.097777777
29.462452899657904,2026-01-01 22:03:02.516000,0.097777777
30.062986612614008,2026-01-01 22:03:02.528000,0.9875
30.080917910528115,2026-01-01 22:03:03.285000,0.029333333
30.140727514036016,2026-01-01 22:03:03.297000,0.097777777
30.17207235290012,2026-01-01 22:03:03.312000,0.0518444
30.178059690528514,2026-01-01 22:03:03.619000,0.009777777
30.17887671668365,2026-01-01 22:03:03.630000,0.001334191
30.75891508708195,2026-01-01 22:03:03.984000,0.94267888
31.388300027472393,2026-01-01 22:03:03.986000,1.012876675
31.032332310085337,2026-01-01 22:03:03.988000,0.571602064
30.99969830462641,2026-01-01 22:03:04.356000,0.052566358
31.07864027796796,2026-01-01 22:03:04.361000,0.127111111
31.042515059304915,2026-01-01 22:03:04.368000,0.058148194
31.00487157189433,2026-01-01 22:03:04.373000,0.060628052
31.010940973227225,2026-01-01 22:03:04.378000,0.009777777
31.19329923933371,2026-01-01 22:03:04.404000,0.293333333
31.254204128412937,2026-01-01 22:03:06.049000,0.097777777
31.116348639185855,2026-01-01 22:03:06.054000,0.221452212
30.88498886408401,2026-01-01 22:03:06.442000,0.372763663
30.549115044003514,2026-01-01 22:03:06.448000,0.543648887
30.244102443898853,2026-01-01 22:03:06.818000,0.49629177
30.478327332569815,2026-01-01 22:03:06.843000,0.381333333
30.137458361707886,2026-01-01 22:03:07.176000,0.555445954
30.01993316980105,2026-01-01 22:03:07.193000,0.19223487
30.07968214497836,2026-01-01 22:03:07.556000,0.097777777
30.015767513599368,2026-01-01 22:03:07.933000,0.104598401
30.04563250405455,2026-01-01 22:03:07.937000,0.048888888
30.027867554721563,2026-01-01 22:03:08.629000,0.029078232
30.057738562703467,2026-01-01 22:03:08.634000,0.048888888
30.658277253532486,2026-01-01 22:03:09.385000,0.977777777
30.784320413605442,2026-01-01 22:03:09.392000,0.204000024
30.876002745431112,2026-01-01 22:03:09.450000,0.148125
30.818139879770527,2026-01-01 22:03:09.727000,0.093459512
30.87867759094605,2026-01-01 22:03:10.084000,0.097777777
30.89382129989675,2026-01-01 22:03:10.091000,0.024444444
30.984761517859834,2026-01-01 22:03:10.100000,0.146666666
31.04546258012304,2026-01-01 22:03:10.837000,0.097777777
31.01157553491289,2026-01-01 22:03:10.841000,0.054573736
30.979165166722378,2026-01-01 22:03:10.848000,0.05222351
31.100615733537435,2026-01-01 22:03:10.878000,0.195555555
31.118853811540877,2026-01-01 22:03:12.291000,0.029333333
31.179686015349986,2026-01-01 22:03:12.296000,0.097777777
31.151491478298073,2026-01-01 22:03:12.297000,0.045306217
30.83888461286269,2026-01-01 22:03:13.016000,0.503713102
30.816164642382397,2026-01-01 22:03:13.022000,0.036708694
30.822215546137734,2026-01-01 22:03:13.026000,0.009777777
30.882757258240314,2026-01-01 22:03:13.841000,0.097777777
30.897274903403233,2026-01-01 22:03:13.853000,0.023432445
30.89193643492087,2026-01-01 22:03:14.281000,0.008616003
30.583218676599166,2026-01-01 22:03:14.286000,0.499526641
30.573210884003085,2026-01-01 22:03:14.693000,0.01623539
30.42370113034752,2026-01-01 22:03:15.977000,0.242863035
30.09793310417955,2026-01-01 22:03:15.980000,0.531251534
30.02005146745012,2026-01-01 22:03:17.078000,0.127431984
28.786695761328794,2026-01-01 22:03:17.085000,2.040535442
28.550785920092117,2026-01-01 22:03:17.095000,0.395251167
27.420285573610016,2026-01-01 22:03:17.460000,1.917151927
27.275779239296263,2026-01-01 22:03:17.464000,0.247887549
27.230119921611912,2026-01-01 22:03:17.827000,0.078460883
27.20995559182683,2026-01-01 22:03:17.832000,0.034671284
27.300794921703982,2026-01-01 22:03:17.837000,0.156091223
27.285407569595982,2026-01-01 22:03:17.843000,0.026422137
28.146106396728758,2026-01-01 22:03:17.845000,1.466666666
28.140858274546886,2026-01-01 22:03:18.174000,0.008874533
28.13290810138608,2026-01-01 22:03:18.573000,0.013445256
28.306610999306596,2026-01-01 22:03:18.578000,0.293333333
28.329811777925904,2026-01-01 22:03:18.942000,0.039111111
28.330349328940528,2026-01-01 22:03:18.945000,0.000905996
28.91929095218098,2026-01-01 22:03:19.316000,0.9875
28.948605520418376,2026-01-01 22:03:19.663000,0.048888888
35.17527295956143,2026-01-01 22:03:19.671000,9.876543208
36.5068137712857,2026-01-01 22:03:19.673000,1.995323823
37.38395760171574,2026-01-01 22:03:19.674000,1.294579884
37.517361717164846,2026-01-01 22:03:19.675000,0.195555555
37.55108720049362,2026-01-01 22:03:19.676000,0.049382715
37.61858362268175,2026-01-01 22:03:20.068000,0.098765431
37.58667891344728,2026-01-01 22:03:20.070000,0.046674124
37.52744708559921,2026-01-01 22:03:20.072000,0.086704143
37.50594294895764,2026-01-01 22:03:20.074000,0.031494899
37.59389431908564,2026-01-01 22:03:20.093000,0.128756356
37.67232686611431,2026-01-01 22:03:20.099000,0.114694294
37.75050925759897,2026-01-01 22:03:20.102000,0.114209721
37.74318886936665,2026-01-01 22:03:20.407000,0.010688684
41.0880169274741,2026-01-01 22:03:20.767000,4.780441457